<application>
  <component name="CodotaSettings">
    <option name="methodCompletionsPercentageSet" value="true" />
    <option name="id" value="3dbd1a4c-4c90-4c84-b771-d2d814bd41c2" />
    <option name="wasRunBefore" value="true" />
    <option name="firstRun" value="1635804979229" />
    <option name="generation" value="129" />
    <option name="updateGeneration" value="1" />
    <option name="isInJSBeta" value="YES" />
    <option name="isMethodCompletionsPercentageActive" value="true" />
    <option name="isMethodCompletionsPercentageSet" value="true" />
    <option name="testedFeatureFlags">
      <set>
        <option value="deep-completions" />
      </set>
    </option>
    <option name="usedLanguages">
      <set>
        <option value="java" />
        <option value="kotlin" />
      </set>
    </option>
    <option name="lastTabnineRecommendationDisplayDate" value="1636430958633" />
    <option name="tabnineRecommendationDontShowAgain" value="true" />
  </component>
</application>