<application>
  <component name="CodeInsightSettings">
    <option name="ADD_UNAMBIGIOUS_IMPORTS_ON_THE_FLY" value="true" />
  </component>
  <component name="EditorSettings">
    <option name="IS_ENSURE_NEWLINE_AT_EOF" value="true" />
  </component>
  <component name="InlayHintsSettings">
    <option name="lastViewedProviderKeyId" value="RelatedProblems" />
    <settingsMapElement>
      <JAVA.JavaLens>
        <JavaCodeVisionSettings>
          <option name="showUsages" value="true" />
        </JavaCodeVisionSettings>
      </JAVA.JavaLens>
    </settingsMapElement>
  </component>
  <component name="JetEditorOptions">
    <option name="donTShowConversionDialog" value="true" />
  </component>
</application>