<application>
  <component name="AndroidLogcatFilterHistory">
    <option name="mostRecentlyUsed" value="package:com.dreambroker.newtech Call Status" />
    <option name="nonFavorites">
      <list>
        <option value="package:com.dreambroker.newtech Call Status" />
        <option value="package:mine " />
        <option value="package:mine ChatFragment" />
        <option value="package:com.dreambroker.newtech" />
        <option value="package:com.dreambroker.newtech " />
        <option value="package:com.dreambroker.newtech --&gt; GET " />
        <option value="package:mine ok" />
        <option value="package:com.dreambroker.newtech Paging DEBUG " />
        <option value="package:com.dreambroker.newtech Paging DEBUG Remote mediator Page number " />
        <option value="package:com.dreambroker.newtech Paging DEBUG" />
        <option value="package:com.dreambroker.newtech getContexts" />
        <option value="package:mine ContextFilesActivity" />
        <option value="package:mine onMessageReceived" />
        <option value="package:mine" />
        <option value="package:mine EventNotificationWorker" />
        <option value="package:mine CommunicationViewModel" />
        <option value="package:mine ChatViewModel" />
        <option value="package:mine onContextIdSelected" />
        <option value="package:mine CommunicationRepository" />
        <option value="EventNotificationWorker" />
      </list>
    </option>
  </component>
</application>