<application>
  <component name="SettingsSyncPlugins">
    <option name="plugins">
      <map>
        <entry key="com.developerphil.adbidea">
          <value>
            <PluginData>
              <option name="dependencies">
                <set>
                  <option value="com.intellij.modules.androidstudio" />
                  <option value="com.intellij.modules.platform" />
                  <option value="org.jetbrains.android" />
                </set>
              </option>
            </PluginData>
          </value>
        </entry>
        <entry key="com.intellij.marketplace">
          <value>
            <PluginData>
              <option name="dependencies">
                <set>
                  <option value="com.intellij.modules.lang" />
                </set>
              </option>
            </PluginData>
          </value>
        </entry>
        <entry key="com.majera.intellij.codereview.gitlab">
          <value>
            <PluginData>
              <option name="dependencies">
                <set>
                  <option value="Git4Idea" />
                  <option value="com.intellij.modules.platform" />
                  <option value="org.intellij.plugins.markdown" />
                </set>
              </option>
              <option name="enabled" value="false" />
            </PluginData>
          </value>
        </entry>
        <entry key="wu.seal.tool.jsontokotlin">
          <value>
            <PluginData>
              <option name="dependencies">
                <set>
                  <option value="com.intellij.modules.lang" />
                </set>
              </option>
            </PluginData>
          </value>
        </entry>
        <entry key="zielu.gittoolbox">
          <value>
            <PluginData>
              <option name="dependencies">
                <set>
                  <option value="Git4Idea" />
                  <option value="com.intellij.modules.platform" />
                </set>
              </option>
            </PluginData>
          </value>
        </entry>
      </map>
    </option>
  </component>
</application>